Proveedor,Compras
1.0,2637.2000000000007
2.0,1318.6
3.0,988.9499999999999
4.0,1648.2500000000002
